Item#,PIC,卖点,SEO Title Search,Item Description,Section,Scent,Colors,Specification L*W*H,Weight（g）,Package size,批发,批发（USD）,改动数据，2=汇率 3=平台费率 4=目标毛利率,包装+物流,含费成本,建议零售价 (USD),市场低价,市场高价,价格效验,零售,Stock,Status,Tag,SEO words,Long-Tail Keywords,Context of Use      ,Notes,Is it listing?
1：三角奶酪,,"1. Sculptural Cheese Wedge Design – doubles as a mini art piece
2. 100% Natural Soy Wax & Cotton Wick – clean, low-smoke burn
3. Vanilla Butter Fragrance – subtle sweet aroma
4. Quick-Burn Format – 30–60 min of instant ambiance","Adorable Cheese Candle | 100% Soy Wax Vanilla Butter Scent | Cheese Wedge | Cheese Wheel | Home Decor Gift | Playful Gourmet Decor
","Imagine you’re seated at a sunlit café, plate of freshly baked cheese tart before you. 

Our candle duo captures that moment:
Cheese Wedge (2 3/4 x 1 1/4 in) sports playful holes and crisp edges, like a slice of artisanal cheddar.
Cheese Wheel (3 1/2 x 1 1/2 in) offers a round, hearty silhouette reminiscent of a rustic fromage.

Playful Dessert Design – A cheese wedge and cheese wheel, hand-poured in 100% soy wax, double as whimsical art pieces.
Everyday Luxury Ritual – Pure soy wax & cotton wick for a clean, eco-friendly glow.
Gourmet Vibes – Rich vanilla-butter aroma unfolds like a tasting menu: warm custard top notes, smooth cream mid-tones, and a caramel finish.
Cozy Atmosphere – 30–60 min quick-burn candles perfect for cuddles, brunch tables, or snap-worthy flat-lays.

Details:
- Materials: 100% natural soy wax & pure cotton wick
- Scent: Vanilla Butter (Vanilla)
- Size: 2 3/4 x 1 1/4 in and 3 1/2 x 1 1/2 in
- Burn Time: approx. 30–60 minutes

Perfect For:
Brunch tables, coffee moments, party centerpieces, birthday/housewarming gifts, cozy self-care rituals, and Instagram-ready décor. Make every day a little more delicious.

✨ Care & Quick Heads-Up ✨
• Hand-Poured Charm – Tiny quirks and texture variations are part of the magic.
• 100% Natural Soy Wax – Store below 80°F (27°C) to prevent softening or melting.
• Wick TLC – Trim to 5 mm (¼″) before each light for an even melt pool.
• Smart Burn – Burn ≤ 1 hour at a time; let wax pool reach edges to avoid tunneling.
• Safety First – Always use on a heat-resistant surface, away from drafts; never leave a lit candle unattended, and keep out of reach of children & pets.",Gourmet,Spice (Vanilla),Yellow,"2 3/4 x 1 1/4in

2.75 x 1.25 in",7oz,"3.5"" x 3.5"" x 2""",5.0,0.6944444444,7.2,0.6944444444,1.543209877,7.716049383,8.0,12.0,偏低,10.0,14.0,In stock,"cheese candle, soy wax candle, vanilla butter candle, decorative candle, novelty candle, quick burn candle, home decor gift, sculptural candle, eco friendly candle, The Vibe Loft","cheese candle, soy wax candle, vanilla candle, decorative candle, home decor","Long-Tail Keywords：handmade cheese wedge soy candle for living room, mini cheese decorative candle gift, vanilla butter soy candle party favor","Living room décor, party favors, flat-lay photography props, cozy self-care moments","每个listing 上架费用$0.2，one time setup fee for store 29；etsy plus每个月10刀
Context of Use        Living room décor, party favors, flat-lay photography props, cozy self-care moments
Scent        Vanilla Butter
Color        Yellow
Dimensions        6 × 6.5 × 3 cm (2 3/8 × 2 9/16 × 1 3/16 in)
Burn Time        Approx. 30–60 minutes
Materials        100% natural soy wax & pure cotton wick
Packaging        Clear eco-friendly bag + kraft gift box
Weight        Approx. 80 g

⭐⭐⭐⭐⭐
Review by Emily J.

I bought this cheese candle on a whim as a cute centerpiece for my brunch table, and honestly, it's even better in person! The candle arrived well-packaged and looked so authentic, it fooled a couple of my friends who thought it was actual cheese until I lit it. The vanilla butter scent is subtle but delicious—warm, comforting, and not overpowering at all, making it ideal for meal settings.

I especially appreciate how quickly it melts evenly across the top—no tunneling at all—and the burn time (about 45 minutes for my first use) was perfect for the length of our gathering. Plus, even after burning, it still looks adorable sitting on my shelf. Already thinking about gifting this to a couple of friends who love quirky home décor.

Definitely recommend if you're looking for something unique and high-quality for your home or as a gift!",yes
2：圆奶酪,,,Round Cheese Soy Candle – Vanilla Butter Scent,,Gourmet,Spice (Vanilla),Yellow,3 1/2 * 1 1/2in,8oz,"3 3/4 x 3 1/2 x 2
3.75 x 3.5 x 2 in",5.0,0.6944444444,0.1,0.6944444444,1.543209877,7.716049383,8.0,12.0,偏低,10.0,12.0,In stock,,,,,"	living room décor, party centerpieces, event favors, photo props, cozy self-care moments",yes
3：仙人掌小,,"1. Hand-molded Cactus Duo – Two sizes of charming desert silhouettes for quirky décor
2. 100% Natural Soy Wax & Cotton Wick – Clean, eco-friendly, low-smoke glow
3. Fresh Neutral Aroma – Very mild “just-there” fragrance, never overpowering
4. Compact & Playful – Perfect for desk accents, party tables, or sweet photo props","        Cactus Candle Duo Handmade
Cactus Candles | Hand-Molded Soy Wax | Mild Fresh Scent | Gift & Décor Accent","🌵🌵Picture a peaceful oasis at first light—our cactus candles capture that playful spirit. Hand-molded in 100% natural soy wax with a pure cotton wick, they bring an everyday-luxury ritual to any room.🌵🌵

🍃Details:🍃
- Materials: 100% natural soy wax & cotton wick
- Mild Fresh Aroma – a barely-there scent that never overpowers
- Dimensions:
• Small: approx. 1 1/2″ W x 2 7/8"" H
• Large: approx. 1 5/8″ w x 2 1/2"" H
- Burn Time: Approx. 30–60 min

✨Perfect For:✨
- Living room or office desk décor
- Party centerpieces & event favors
- Gifts for plant lovers & friends
- Cozy self-care moments & Instagram flat-lays

Fresh Neutral (very mild/no strong fragrance)

✨ Care & Quick Heads-Up ✨
• Hand-Poured Charm – Tiny quirks and texture variations are part of the magic.
• 100% Natural Soy Wax – Store below 80°F (27°C) to prevent softening or melting.
• Wick TLC – Trim to 5 mm (¼″) before each light for an even melt pool.
• Smart Burn – Burn ≤ 1 hour at a time; let wax pool reach edges to avoid tunneling.
• Safety First – Always use on a heat-resistant surface, away from drafts; never leave a lit candle unattended, and keep out of reach of children & pets.
",Fruits & Plants,Fresh,Green,"
• Small: approx. 1 1/2″ W x 2 7/8 H
• Large: approx. 1 5/8″ w x 2 1/2 H

S: 1.5"" W x 2.875"" H
L:1.625""W x 2.5"" H",2oz,"2 1/4 x 2 x 3 in 

2.125"" x 2"" x 3"" in ",6.2,0.8611111111,0.8,0.8611111111,1.913580247,9.567901235,5.0,10.0,OK,7.5,12.0,In stock,"cactus candle, succulent candle, novelty candle, eco friendly candle, plant decor, desk accent, home decor gift, The Vibe Loft","cactus candle, soy wax candle, novelty candle, home decor, plant lover gift","handmade cactus wax candle set, small succulent soy candle, minimalist green candle gift","	home or office décor, party/table accents, gift for plant enthusiasts, flat-lay/photo props","Scent	Mild Fresh Neutral (barely scented)
Color	Green
Dimensions	Small: approx. 2 9/16″ tall × 2″ wide
Large: approx. 3 1/8″ tall × 2 9/16″ wide
Burn Time	Approx. 30–60 minutes
Materials	100% natural soy wax & pure cotton wick
Packaging	Clear eco-friendly bag + kraft gift box
Weight	Small: ~ 50 g; Large: ~ 80 g (weigh after production)",yes
